timestamp,project_name,run_id,experiment_id,duration,emissions,emissions_rate,cpu_power,gpu_power,ram_power,cpu_energy,gpu_energy,ram_energy,energy_consumed,country_name,country_iso_code,region,cloud_provider,cloud_region,os,python_version,codecarbon_version,cpu_count,cpu_model,gpu_count,gpu_model,longitude,latitude,ram_total_size,tracking_mode,on_cloud,pue
2025-05-09T05:50:32,codecarbon,b5458ce1-9779-4f2e-b274-e42d902462f4,5b0fa12a-3dd7-45bb-9766-cc326314d9f1,1.0130453069868963,4.038700562533258e-06,3.986692929406659e-06,56.925,0.0,20.0,8.097291580717864e-06,0,2.843712033225327e-06,1.0941003613943193e-05,United States,USA,virginia,,,Linux-6.1.128-136.201.amzn2023.x86_64-x86_64-with-glibc2.31,3.10.15,3.0.1,4,AMD EPYC 7R13 Processor,,,-77.4903,39.0469,30.64374542236328,machine,N,1.0
2025-05-09T05:50:36,codecarbon,b5458ce1-9779-4f2e-b274-e42d902462f4,5b0fa12a-3dd7-45bb-9766-cc326314d9f1,5.233977264986606,5.260384711082917e-05,1.005045388002154e-05,107.325,0.0,20.0,0.0001189977047349,0,2.3508250444299643e-05,0.0001425059551792,United States,USA,virginia,,,Linux-6.1.128-136.201.amzn2023.x86_64-x86_64-with-glibc2.31,3.10.15,3.0.1,4,AMD EPYC 7R13 Processor,,,-77.4903,39.0469,30.64374542236328,machine,N,1.0
2025-05-09T06:03:39,codecarbon,b5458ce1-9779-4f2e-b274-e42d902462f4,5b0fa12a-3dd7-45bb-9766-cc326314d9f1,787.6531242389756,0.0034600759404651,4.392893056582771e-06,22.5,0.0,20.0,0.0050059876459786,0,0.0043674984005831,0.0093734860465618,United States,USA,virginia,,,Linux-6.1.128-136.201.amzn2023.x86_64-x86_64-with-glibc2.31,3.10.15,3.0.1,4,AMD EPYC 7R13 Processor,,,-77.4903,39.0469,30.64374542236328,machine,N,1.0
2025-05-09T06:03:51,codecarbon,b5458ce1-9779-4f2e-b274-e42d902462f4,5b0fa12a-3dd7-45bb-9766-cc326314d9f1,800.0512427329959,0.0035591352329454,4.448634090970644e-06,61.2,0.0,20.0,0.0052082467466985,0,0.0044335949405552,0.0096418416872538,United States,USA,virginia,,,Linux-6.1.128-136.201.amzn2023.x86_64-x86_64-with-glibc2.31,3.10.15,3.0.1,4,AMD EPYC 7R13 Processor,,,-77.4903,39.0469,30.64374542236328,machine,N,1.0
2025-05-09T06:04:34,codecarbon,b5458ce1-9779-4f2e-b274-e42d902462f4,5b0fa12a-3dd7-45bb-9766-cc326314d9f1,842.6102971139771,0.0038763211323708533,4.60037237338261e-06,53.550000000000004,0.0,20.0,0.005833861462652864,0,0.004667249689660902,0.010501111152313765,United States,USA,virginia,,,Linux-6.1.128-136.201.amzn2023.x86_64-x86_64-with-glibc2.31,3.10.15,3.0.1,4,AMD EPYC 7R13 Processor,,,-77.4903,39.0469,30.64374542236328,machine,N,1.0
